{
	"background": {
		"color":-1,
		"type": "color",
		"canModifyValue": false
	},
	"frameWidth": 0.0,
	"width": 1080.0,
	"height": 1480.0,
	"items": [
		{
			"sticker": {
				"itemAttrs": {
					"itemId":"text1",
					"shape": {
						"figma": {
							"top": 660,
							"left": 68,
							"width": 603,
							"height": 660
						}
					},
					"canModify": false
				},
				"sticker": {
					"path": "text1.png"
				}
			}
		},
		{
			"sticker": {
				"itemAttrs": {
					"itemId":"photo1",
					"shape": {
						"figma": {
							"top": 120,
							"left": 120,
							"width": 800,
							"height": 500
						}
					}
					
				},
				"sticker": {
					"path": "photo1.png"
				}
			}
		},
		
		{
			"sticker": {
				"itemAttrs": {
					"itemId":"photo2",
					"shape": {
						"figma": {
							"top": 813,
							"left": 540,
							"width": 434,
							"height": 600
						}
					}
				},
				"sticker": {
					"path": "photo2.png"
				}
			}
		},
		
		{
			"sticker": {
				"itemAttrs": {
					"itemId":"text2",
					"shape": {
						"figma": {
							"top": 718,
							"left": 222,
							"width": 613,
							"height": 175
						}
					},
					"canModify": false
				},
				"sticker": {
					"path": "text2.png"
				}
			}
		},
		{
			"text": {
				"itemAttrs": {
					"itemId":"tv_man",
					"shape": {
						"figma": {
							"top": 55,
							"left": 513,
							"width": 514,
							"height": 186
						}
					},
					"textAngle": 0
				},
				"textAttrs": {
					"text": "MAN",
					"textSize": 250,
					"fontIndex":37,
					"textColor":0,
					"letterSpacing":-0.01,
					"textShadowIndex":0
				}
			}	
		},
		{
			"text": {
				"itemAttrs": {
					"itemId":"tv_traveler",
					"shape": {
						"figma": {
							"top": 159,
							"left": 142,
							"width": 641,
							"height": 75,
							"rotation": -90
						}
					},
					"textAngle": 90
				},
				"textAttrs": {
					"text": "THE TRAVELER",
					"textSize": 96,
					"fontIndex":13,
					"textColor":11797567,
					"isBold":true,
					"stokeWidth": 2.49,
					"letterSpacing":0.07,
					"textShadowIndex":0
				}
			}	
		},
		{
			"text": {
				"itemAttrs": {
					"itemId":"tv_about_fashion",
					"shape": {
						"figma": {
							"top": 627,
							"left": 371,
							"width": 603,
							"height": 69
						}
					},
					"textAngle": 0
				},
				"textAttrs": {
					"text": "About my fashion",
					"textSize": 63,
					"fontIndex":30,
					"textColor":285852,
					"textShadowIndex":0
				}
			}	
		},
		{
			"text": {
				"itemAttrs": {
					"itemId":"tv_vlog",
					"shape": {
						"figma": {
							"top": 663,
							"left": 778,
							"width": 178,
							"height": 115
						}
					},
					"textAngle": 0
				},
				"textAttrs": {
					"text": "Vlog",
					"textSize": 63,
					"fontIndex":37,
					"textColor":11797567,
					"letterSpacing":0.01,
					"textShadowIndex":0
				}
			}	
		},
		{
			"text": {
				"itemAttrs": {
					"itemId":"tv_about",
					"shape": {
						"figma": {
							"top": 1225,
							"left": 176,
							"width": 686,
							"height": 210
						}
					},
					"textAngle": 0
				},
				"textAttrs": {
					"text": "about",
					"textSize": 277,
					"fontIndex":11,
					"textColor":0,
					"skewX":-0.34,
					"textShadowIndex":0
				}
			}	
		}
		
		
	]
	
}