{
	"background": {
		"color":-1,
		"type": "color",
		"canModifyValue": false
	},
	"frameWidth": 0.0,
	"width": 1080.0,
	"height": 1480.0,
	"items": [
		{
			"sticker": {
				"itemAttrs": {
					"itemId":"photo1",
					"shape": {
						"figma": {
							"top": 50,
							"left": 80,
							"width": 570,
							"height": 1380
						}
					}
					
				},
				"sticker": {
					"path": "photo1.png"
				}
			}
		},
		{
			"sticker": {
				"itemAttrs": {
					"itemId":"block",
					"shape": {
						"figma": {
							"top": 139,
							"left": 837,
							"width": 130,
							"height": 140
						}
					},
					"canModify":false
				},
				"sticker": {
					"path": "block.png"
				}
			}
		},
		{
			"text": {
				"itemAttrs": {
					"itemId":"tv_block1",
					"shape": {
						"figma": {
							"top": 355,
							"left": 43,
							"width": 18,
							"height": 10
						}
					},
					"canModify":false,
					"textAngle": 0
				},
				"textAttrs": {
					"text": "",
					"textSize": 229,
					"fontIndex":11,
					"isShowBackground":true,
					"backgroundColor":0,
					"textShadowIndex":0
				}
			}	
		},

		{
			"text": {
				"itemAttrs": {
					"itemId":"tv_block2",
					"shape": {
						"figma": {
							"top": 355,
							"left": 148,
							"width": 26,
							"height": 10
						}
					},
					"canModify":false,
					"textAngle": 0
				},
				"textAttrs": {
					"text": "",
					"textSize": 229,
					"fontIndex":11,
					"isShowBackground":true,
					"backgroundColor":0,
					"textShadowIndex":0
				}
			}	
		},

		{
			"text": {
				"itemAttrs": {
					"itemId":"tv_block3",
					"shape": {
						"figma": {
							"top": 116,
							"left": 637,
							"width": 26,
							"height": 10
						}
					},
					"canModify":false,
					"textAngle": 0
				},
				"textAttrs": {
					"text": "",
					"textSize": 229,
					"fontIndex":11,
					"isShowBackground":true,
					"backgroundColor":0,
					"textShadowIndex":0
				}
			}	
		},

		{
			"text": {
				"itemAttrs": {
					"itemId":"tv_block4",
					"shape": {
						"figma": {
							"top": 176,
							"left": 684,
							"width": 18,
							"height": 10
						}
					},
					"canModify":false,
					"textAngle": 0
				},
				"textAttrs": {
					"text": "",
					"textSize": 229,
					"fontIndex":11,
					"isShowBackground":true,
					"backgroundColor":0,
					"textShadowIndex":0
				}
			}	
		},
		
		{
			"text": {
				"itemAttrs": {
					"itemId":"tv_photography",
					"shape": {
						"figma": {
							"top": 186,
							"left": 103,
							"width": 111,
							"height": 66,
							"rotation": -90
						}
					},
					"textAngle": 90
				},
				"textAttrs": {
					"text": "PHOTOG\nRAPHY",
					"isAutoFill":true,
					"textSize": 30,
					"fontIndex":32,
					"textColor":0,
					"textShadowIndex":0
				}
			}	
		},
		{
			"text": {
				"itemAttrs": {
					"itemId":"tv_fruite",
					"shape": {
						"figma": {
							"top": 143,
							"left": 859,
							"width": 87,
							"height": 100
						}
					},
					"textAngle": 0
				},
				"textAttrs": {
					"text": "FRU\nITE",
					"isAutoFill":false,
					"textSize": 33,
					"fontIndex":28,
					"textColor":0,
					"letterSpacing":0.23,
					"textShadowIndex":0
				}
			}	
		},
		{
			"text": {
				"itemAttrs": {
					"itemId":"tv_promise",
					"shape": {
						"figma": {
							"top": 1171,
							"left": 700,
							"width": 225,
							"height": 33,
							"rotation": -90
						}
					},
					"textAngle": 90
				},
				"textAttrs": {
					"text": "Promise our future",
					"isAutoFill":true,
					"isBold":true,
					"textSize": 30,
					"fontIndex":0,
					"textColor":0,
					"textShadowIndex":0
				}
			}	
		},
		{
			"text": {
				"itemAttrs": {
					"itemId":"tv_love_message",
					"shape": {
						"figma": {
							"top": 459,
							"left": 821,
							"width": 751,
							"height": 36,
							"rotation":-90
						}
					},
					"textAngle": 90
				},
				"textAttrs": {
					"text": "The farthest distance in the world is not the distance between the tree and the tree but the branch growing with the same root, but it can not depend on the farthest distance in the wind in the world. It is not the branches that can not be dependent,but the stars that see each other but do not meet The farthest distance in the world's",
					"isAutoFill":true,
					"textSize": 76,
					"fontIndex":32,
					"textColor":0,
					"textShadowIndex":0
				}
			}	
		},
		{
			"text": {
				"itemAttrs": {
					"itemId":"tv_love",
					"shape": {
						"figma": {
							"top": 459,
							"left": 967,
							"width": 712,
							"height": 140,
							"rotation":-90
						}
					},
					"textAngle": 90
				},
				"textAttrs": {
					"text": "\"I love you,\"\nsuch a simple sentence",
					"textSize": 66,
					"fontIndex":28,
					"textColor":0,
					"isBold":true,
					"isStrike":true,
					"textShadowIndex":0
				}
			}	
		}
		
		
	]
	
}