{
	"background": {
		"color":-1,
		"type": "color",
		"canModifyValue": false
	},
	"frameWidth": 0.0,
	"width": 1080.0,
	"height": 1480.0,
	"items": [
		{
			"sticker": {
				"itemAttrs": {
					"itemId":"photo1",
					"shape": {
						"figma": {
							"top": 750,
							"left": 50,
							"width": 980,
							"height": 680
						}
					}
					
				},
				"sticker": {
					"path": "photo1.png"
				}
			}
		},
		{
			"sticker": {
				"itemAttrs": {
					"itemId":"barcode",
					"shape": {
						"figma": {
							"top": 85,
							"left": 812,
							"width": 178,
							"height": 80
						}
					}
					
				},
				"sticker": {
					"path": "barcode.png"
				}
			}
		},
		{
			"text": {
				"itemAttrs": {
					"itemId":"tv_head",
					"shape": {
						"figma": {
							"top": 42,
							"left": 148,
							"width": 480,
							"height": 15
						}
					},
					"canModify":true,
					"textAngle": 0
				},
				"textAttrs": {
					"text": "Pick up your weapon and face it，There's blood on",
					"isAutoFill":false,
					"textSize":15,
					"fontIndex":32,
					"textColor":0,
					"letterSpacing":0.1,
					"textShadowIndex":0
				}
			}	
		},

		{
			"text": {
				"itemAttrs": {
					"itemId":"tv_rise",
					"shape": {
						"figma": {
							"top": 85,
							"left": 264,
							"width": 356,
							"height": 116,
							"rotation":-90
						}
					},
					"canModify":true,
					"textAngle": 90
				},
				"textAttrs": {
					"text": "Rise",
					"isAutoFill":false,
					"fontIndex":44,
					"textSize":121,
					"textColor":0,
					"letterSpacing":0.07,
					"isBold":true,
					"skewX":-0.3,
					"textShadowIndex":0
				}
			}	
		},
		{
			"text": {
				"itemAttrs": {
					"itemId":"tv_life",
					"shape": {
						"figma": {
							"top": 463,
							"left": 148,
							"width": 213,
							"height": 71
						}
					},
					"canModify":true,
					"textAngle": 0
				},
				"textAttrs": {
					"text": "this life is the crossing of asea, where we meet in the same narrow ship. in death we reach the shore and go to our different worlds",
					"isAutoFill":true,
					"fontIndex":46,
					"textColor":0,
					"alignment":1,
					"isBold":true,
					"letterSpacing":0.13,
					"textShadowIndex":0
				}
			}	
		},

		{
			"text": {
				"itemAttrs": {
					"itemId":"tv_day",
					"shape": {
						"figma": {
							"top": 617,
							"left": 778,
							"width": 212,
							"height": 18
						}
					},
					"canModify":true,
					"textAngle": 0
				},
				"textAttrs": {
					"text": "Nov/07/1989",
					"isAutoFill":false,
					"fontIndex":46,
					"textColor":0,
					"textSize":20,
					"alignment":1,
					"isBold":true,
					"letterSpacing":0.13,
					"textShadowIndex":0
				}
			}	
		},
		{
			"text": {
				"itemAttrs": {
					"itemId":"tv_do_you_know",
					"shape": {
						"figma": {
							"top": 677,
							"left": 828,
							"width": 139,
							"height": 16
						}
					},
					"textAngle": 0
				},
				"textAttrs": {
					"text": "Do you know if",
					"isAutoFill":true,
					"textSize": 229,
					"fontIndex":32,
					"isBold": true,
					"textColor":0,
					"textShadowIndex":0
				}
			}	
		},
		{
			"text": {
				"itemAttrs": {
					"itemId":"tv_welcome",
					"shape": {
						"figma": {
							"top": 705,
							"left": 828,
							"width": 148,
							"height": 217
						}
					},
					"textAngle": 0
				},
				"textAttrs": {
					"text": "push through hell and they will remember you so get along so get along go get along 'long get a move on up so get along so get along go get along 'long get a move on up and as you fight among the death beneath the dirt do you know yet and when the giants call to ask you what you're worth do you know",
					"isAutoFill":true,
					"textSize": 229,
					"fontIndex":32,
					"textColor":0,
					"textShadowIndex":0
				}
			}	
		},
		{
			"sticker": {
				"itemAttrs": {
					"itemId":"text1",
					"shape": {
						"figma": {
							"top": 477,
							"left": 735,
							"width": 313.69,
							"height": 123.98
						}
					}
					
				},
				"sticker": {
					"path": "text1.png"
				}
			}	
		},
		{
			"sticker": {
				"itemAttrs": {
					"itemId":"text2",
					"shape": {
						"figma": {
							"top": 570,
							"left": 94,
							"width": 473.41,
							"height": 134.98
						}
					}
					
				},
				"sticker": {
					"path": "text2.png"
				}
			}	
		}
		
	]
	
}