{
	"background": {
		"backgroundImage": {
			"path": "background.png",
			"type": "file"
		},
		"blurValue": 0,
		"isBlur": false,
		"type": "blur",
		"canModifyValue": false
	},
	"frameWidth": 0.0,
	"width": 1080.0,
	"height": 1480.0,
	"items": [
		{
			"sticker": {
				"itemAttrs": {
					"itemId":"photo1",
					"shape": {
						"figma": {
							"top": 216,
							"left": 0,
							"width": 785,
							"height": 1151
						}
					}
					
				},
				"sticker": {
					"path": "photo1.png"
				}
			}
		},
		
		{
			"sticker": {
				"itemAttrs": {
					"itemId":"photo2",
					"shape": {
						"figma": {
							"top": 560,
							"left": 280,
							"width": 800,
							"height": 920
						}
					}
				},
				"sticker": {
					"path": "photo2.png"
				}
			}
		},
		{
			"text": {
				"itemAttrs": {
					"itemId":"tv_blog",
					"shape": {
						"figma": {
							"top": 36,
							"left": 53,
							"width": 1066,
							"height": 191
						}
					},
					"textAngle": 0
				},
				"textAttrs": {
					"text": "the blog",
					"textSize": 120,
					"fontIndex":34,
					"textColor":0,
					"textShadowIndex":0
				}
			}	
		},
		{
			"text": {
				"itemAttrs": {
					"itemId":"tv_try",
					"shape": {
						"figma": {
							"top": 257,
							"left": 75,
							"width": 432,
							"height": 211
						}
					},
					"textAngle": 0
				},
				"textAttrs": {
					"text": "TRY",
					"textSize": 200,
					"fontIndex":34,
					"textColor":285852,
					"textShadowIndex":0
				}
			}	
		},
		{
			"text": {
				"itemAttrs": {
					"itemId":"tv_soul",
					"shape": {
						"figma": {
							"top": 538,
							"left": 859,
							"width": 131,
							"height": 24,
							"rotation": 90
						}
					},
					"textAngle": -90
				},
				"textAttrs": {
					"text": "resonance of soul",
					"textSize": 12,
					"fontIndex":34,
					"textColor":0,
					"textShadowIndex":0
				}
			}	
		},
		{
			"text": {
				"itemAttrs": {
					"itemId":"tv_wisdom",
					"shape": {
						"figma": {
							"top": 1116,
							"left": 319,
							"width": 473,
							"height": 32,
							"rotation": 90
						},
					},
					"textAngle": -90
				},
				"textAttrs": {
					"text": "wednesday wisdom",
					"textSize": 26,
					"fontIndex":34,
					"textColor":0,
					"textShadowIndex":0
				}
			}	
		},
		{
			"text": {
				"itemAttrs": {
					"itemId":"tv_vlog",
					"shape": {
						"figma": {
							"top": 1263,
							"left": 482,
							"width": 554,
							"height": 162
						}
					},
					"textAngle": 0
				},
				"textAttrs": {
					"text": "VLOG",
					"textSize": 200,
					"fontIndex":34,
					"textColor":0,
					"textShadowIndex":0
				}
			}	
		},
		{
			"text": {
				"itemAttrs": {
					"itemId":"tv_heat",
					"shape": {
						"figma": {
							"top": 1271,
							"left": 359,
							"width": 639,
							"height": 129
						}
					},
					"textAngle": 0
				},
				"textAttrs": {
					"text": "the hottest trends for the summer heat",
					"textSize": -1,
					"fontIndex":34,
					"textColor":285852,
					"textShadowIndex":0
				}
			}	
		},
		{
			"text": {
				"itemAttrs": {
					"itemId":"tv_photo1",
					"shape": {
						"figma": {
							"top": 41,
							"left": 42,
							"width": 354,
							"height": 178
						}
					},
					"textAngle": 0
				},
				"textAttrs": {
					"text": "Spiritual awakening is a kind of progress, a kind of growth, that is, cultivating our connotation, modifying our behavior and adjusting the harmony between ourselves and heaven and people after \"learning from pain\".",
					"textSize": -1,
					"fontIndex":34,
					"textColor":-1,
					"textShadowIndex":0
				}
			}	
		}
		
	]
	
}