{
	"background": {
		"color":-1,
		"type": "color",
		"canModifyValue": false
	},
	"frameWidth": 0.0,
	"width": 1080.0,
	"height": 1480.0,
	"items": [
		{
			"sticker": {
				"itemAttrs": {
					"itemId":"photo1",
					"shape": {
						"figma": {
							"top": 216,
							"left": 0,
							"width": 785,
							"height": 1151
						}
					}
					
				},
				"sticker": {
					"path": "photo1.png"
				}
			}
		},
		
		{
			"sticker": {
				"itemAttrs": {
					"itemId":"photo2",
					"shape": {
						"figma": {
							"top": 560,
							"left": 280,
							"width": 800,
							"height": 920
						}
					}
				},
				"sticker": {
					"path": "photo2.png"
				}
			}
		},
		{
			"sticker": {
				"itemAttrs": {
					"itemId":"barcode",
					"shape": {
						"figma": {
							"top": 397,
							"left": 808,
							"width": 64,
							"height": 140
						}
					}
				},
				"sticker": {
					"path": "barcode.png"
				}
			}
		},
		{
			"text": {
				"itemAttrs": {
					"itemId":"tv_blog",
					"shape": {
						"figma": {
							"top": 36,
							"left": 53,
							"width": 1066,
							"height": 240
						}
					},
					"textAngle": 0
				},
				"textAttrs": {
					"text": "the blog",
					"textSize": 250,
					"fontIndex":11,
					"textColor":0,
					"letterSpacing":0.12,
					"textShadowIndex":0
				}
			}	
		},
		{
			"text": {
				"itemAttrs": {
					"itemId":"tv_try",
					"shape": {
						"figma": {
							"top": 257,
							"left": 75,
							"width": 432,
							"height": 211
						}
					},
					"textAngle": 0
				},
				"textAttrs": {
					"text": "TRY",
					"textSize": 250,
					"fontIndex":13,
					"textColor":285852,
					"textShadowIndex":0
				}
			}	
		},
		{
			"text": {
				"itemAttrs": {
					"itemId":"tv_soul",
					"shape": {
						"figma": {
							"top": 538,
							"left": 859,
							"width": 131,
							"height": 24,
							"rotation": 90
						}
					},
					"textAngle": -90
				},
				"textAttrs": {
					"text": "resonance of soul",
					"textSize": 13,
					"fontIndex":47,
					"textColor":285852,
					"textShadowIndex":0
				}
			}	
		},
		{
			"text": {
				"itemAttrs": {
					"itemId":"tv_wisdom",
					"shape": {
						"figma": {
							"top": 1116,
							"left": 319,
							"width": 473,
							"height": 32,
							"rotation": 90
						}
					},
					"textAngle": -90
				},
				"textAttrs": {
					"text": "WEDNESDAY WISDOM",
					"textSize": 36,
					"fontIndex":45,
					"textColor":0,
					"letterSpacing":0.14,
					"textShadowIndex":0
				}
			}	
		},
		{
			"text": {
				"itemAttrs": {
					"itemId":"tv_vlog",
					"shape": {
						"figma": {
							"top": 1263,
							"left": 482,
							"width": 554,
							"height": 162
						}
					},
					"textAngle": 0
				},
				"textAttrs": {
					"text": "VLOG",
					"textSize": 199,
					"fontIndex":0,
					"textColor":0,
					"textShadowIndex":0
				}
			}	
		},
		{
			"text": {
				"itemAttrs": {
					"itemId":"tv_heat",
					"shape": {
						"figma": {
							"top": 1271,
							"left": 359,
							"width": 639,
							"height": 129
						}
					},
					"textAngle": 0
				},
				"textAttrs": {
					"text": "the hottest trends for the summer heat",
					"isAutoFill":true,
					"textSize": -1,
					"fontIndex":34,
					"textColor":285852,
					"textShadowIndex":0
				}
			}	
		},
		{
			"text": {
				"itemAttrs": {
					"itemId":"tv_photo1",
					"shape": {
						"figma": {
							"top": 310,
							"left": 37,
							"width": 235,
							"height": 300
						}
					},
					"textAngle": 0
				},
				"textAttrs": {
					"text": "Spiritual awakening is a kind of progress, a kind of growth, that is, cultivating our connotation, modifying our behavior and adjusting the harmony between ourselves and heaven and people after \"learning from pain\".",
					"isAutoFill":true,
					"textSize": -1,
					"fontIndex":0,
					"textColor":0,
					"textShadowIndex":0
				}
			}	
		}
		
	]
	
}