{
	"background": {
		"color":-1,
		"type": "color",
		"canModifyValue": false
	},
	"frameWidth": 0.0,
	"width": 1080.0,
	"height": 1480.0,
	"items": [
		{
			"sticker": {
				"itemAttrs": {
					"itemId":"photo1",
					"shape": {
						"figma": {
							"top": 331,
							"left": 255,
							"width": 700,
							"height": 960
						}
					}
					
				},
				"sticker": {
					"path": "photo1.png"
				}
			}
		},
		{
			"text": {
				"itemAttrs": {
					"itemId":"tv_title1",
					"shape": {
						"figma": {
							"top": 68,
							"left": 55,
							"width": 327,
							"height": 12
						}
					},
					"canModify":true,
					"textAngle": 0
				},
				"textAttrs": {
					"text": "Welcome to the wild no heroes and villains",
					"isAutoFill":true,
					"fontIndex":32,
					"textColor":0,
					"textShadowIndex":0
				}
			}	
		},

		{
			"text": {
				"itemAttrs": {
					"itemId":"tv_title2",
					"shape": {
						"figma": {
							"top": 68,
							"left": 432,
							"width": 149,
							"height": 12
						}
					},
					"canModify":true,
					"textAngle": 0
				},
				"textAttrs": {
					"text": "Welcome to the wild",
					"isAutoFill":true,
					"fontIndex":32,
					"textColor":0,
					"textShadowIndex":0
				}
			}	
		},

		{
			"text": {
				"itemAttrs": {
					"itemId":"tv_title3",
					"shape": {
						"figma": {
							"top": 68,
							"left": 774,
							"width": 235,
							"height": 16
						}
					},
					"canModify":true,
					"textAngle": 0
				},
				"textAttrs": {
					"text": "The Glitch Mob/Mako",
					"isAutoFill":true,
					"fontIndex":32,
					"textColor":0,
					"isBold":true,
					"textShadowIndex":0
				}
			}	
		},

		{
			"text": {
				"itemAttrs": {
					"itemId":"tv_bottom",
					"shape": {
						"figma": {
							"top": 1373,
							"left": 139,
							"width": 802,
							"height": 23
						}
					},
					"canModify":true,
					"textAngle": 0
				},
				"textAttrs": {
					"text": "welcome to the wild no heroes and villains welcome to the war we've only begun so.pick up your weapon and face it there's blood on the crown go and take it you get one shot to make it out alive so higher and higheryou chase it",
					"isAutoFill":true,
					"fontIndex":32,
					"textColor":0,
					"alignment":1,
					"textShadowIndex":0
				}
			}	
		},
		{
			"text": {
				"itemAttrs": {
					"itemId":"tv_life",
					"shape": {
						"figma": {
							"top": 637,
							"left": 66,
							"width": 316,
							"height": 182
						}
					},
					"textAngle": 0
				},
				"textAttrs": {
					"text": "this life is the crossing of asea, where we meet in the same narrow ship. in death we reach the shore and go to our different worlds",
					"isAutoFill":true,
					"textSize": 229,
					"fontIndex":0,
					"textColor":0,
					"textShadowIndex":0
				}
			}	
		},
		{
			"text": {
				"itemAttrs": {
					"itemId":"tv_war",
					"shape": {
						"figma": {
							"top": 873.3,
							"left": 65.14,
							"width": 316,
							"height": 41,
							"rotation":3
						}
					},
					"textAngle": -3
				},
				"textAttrs": {
					"text": "welcome to the war we've only begun so pick up your weapon and face it there's blood on the crown go and take it",
					"isAutoFill":true,
					"textSize": 229,
					"fontIndex":32,
					"textColor":0,
					"textShadowIndex":0
				}
			}	
		},
		{
			"sticker": {
				"itemAttrs": {
					"itemId":"text1",
					"shape": {
						"figma": {
							"top": 287,
							"left": 109.8,
							"width": 473.61,
							"height": 109.8
						}
					}
					
				},
				"sticker": {
					"path": "text1.png"
				}
			}	
		},
		{
			"sticker": {
				"itemAttrs": {
					"itemId":"prove",
					"shape": {
						"figma": {
							"top": 144,
							"left": 99,
							"width": 478,
							"height": 248.95
						}
					}
					
				},
				"sticker": {
					"path": "prove.png"
				}
			}	
		},
		{
			"sticker": {
				"itemAttrs": {
					"itemId":"rise",
					"shape": {
						"figma": {
							"top": 1030,
							"left": 202,
							"width": 458,
							"height": 243
						}
					}
					
				},
				"sticker": {
					"path": "rise.png"
				}
			}	
		}
	]
	
}