{
	"background": {
		"backgroundImage": {
			"path": "background.png",
			"type": "file"
		},
		"blurValue": 0,
		"isBlur": false,
		"type": "blur",
		"canModifyValue": false
	},
	"frameWidth": 0.0,
	"width": 720.0,
	"height": 1280.0,
	"items": [
		{
			"sticker": {
				"itemAttrs": {
					"itemId":"photo1",
					"bounds": {
						"top": 430,
						"left": 144,
						"width": 437,
						"height": 462
					}
				},
				"sticker": {
					"path": "photo1.png",
					"type": "file"
				}
			}
		},
		{
			"text": {
				"itemAttrs": {
					"itemId":"tv_smiling",
					"shape": {
						"figma" : {
							"top": 910,
							"left": 209,
							"width": 372,
							"height": 52,
						}
					},
					"textAngle": 0
				},
				"textAttrs": {
					"text": "Keep smiling!",
					"textSize": 40,
					"fontIndex":34,
					"textColor":-1,
					"textShadowIndex":0
				}
			}	
		}
		
	]
	
}