{
	"background": {
		"color":-1,
		"type": "color",
		"canModifyValue": false
	},
	"frameWidth": 0.0,
	"width": 1080.0,
	"height": 1480.0,
	"items": [
		
		{
			"sticker": {
				"itemAttrs": {
					"itemId":"photo1",
					"shape": {
						"figma": {
							"top": 120,
							"left": 120,
							"width": 776,
							"height": 1150
						}
					}
					
				},
				"sticker": {
					"path": "photo1.png"
				}
			}
		},

		{
			"sticker": {
				"itemAttrs": {
					"itemId":"barcode",
					"shape": {
						"figma": {
							"top": 1092,
							"left": 73,
							"width": 64,
							"height": 140
						}
					},
					"canModify": true
				},
				"sticker": {
					"path": "barcode.png"
				}
			}
		},
		{
			"text": {
				"itemAttrs": {
					"itemId":"tv_block",
					"shape": {
						"figma": {
							"top": 1083,
							"left": 586,
							"width": 205,
							"height": 260
						}
					},
					"canModify":false,
					"textAngle": 0
				},
				"textAttrs": {
					"text": "",
					"textSize": 250,
					"fontIndex":37,
					"textColor":0,
					"letterSpacing":-0.01,
					"isShowBackground":true,
					"backgroundColor":285852,
					"textShadowIndex":0
				}
			}	
		},

		{
			"sticker": {
				"itemAttrs": {
					"itemId":"text3",
					"shape": {
						"figma": {
							"top": 1094,
							"left": 647,
							"width": 155,
							"height": 220
						}
					},
					"canModify": true
				},
				"sticker": {
					"path": "text3.png"
				}
			}
		},

		{
			"sticker": {
				"itemAttrs": {
					"itemId":"text1",
					"shape": {
						"figma": {
							"top": 1162,
							"left": 669,
							"width": 178,
							"height": 156
						}
					},
					"canModify": true
				},
				"sticker": {
					"path": "text1.png"
				}
			}
		},

		{
			"sticker": {
				"itemAttrs": {
					"itemId":"text2",
					"shape": {
						"figma": {
							"top": 194,
							"left": 49,
							"width": 178,
							"height": 156
						}
					},
					"canModify": true
				},
				"sticker": {
					"path": "text2.png"
				}
			}
		},

		{
			"text": {
				"itemAttrs": {
					"itemId":"tv_title",
					"shape": {
						"figma": {
							"top": 51,
							"left": 328,
							"width": 425,
							"height": 27
						}
					},
					"textAngle": 0
				},
				"textAttrs": {
					"text": "reconcile with oneself",
					"textSize": 36,
					"fontIndex":32,
					"textColor":13743503,
					"textShadowIndex":0
				}
			}	
		},
		{
			"text": {
				"itemAttrs": {
					"itemId":"tv_left",
					"shape": {
						"figma": {
							"top": 903,
							"left": 46,
							"width": 356,
							"height": 27,
							"rotation": 90
						}
					},
					"textAngle": -90
				},
				"textAttrs": {
					"text": "find your true self",
					"textSize": 36,
					"fontIndex":32,
					"textColor":13743503,
					"textShadowIndex":0
				}
			}	
		},
		{
			"text": {
				"itemAttrs": {
					"itemId":"tv_right",
					"shape": {
						"figma": {
							"top": 527,
							"left": 1013,
							"width": 396,
							"height": 27,
							"rotation": -90
						}
					},
					"textAngle": 90
				},
				"textAttrs": {
					"text": "Mediterranean breeze",
					"textSize": 36,
					"fontIndex":32,
					"textColor":13743503,
					"textShadowIndex":0
				}
			}	
		},
		{
			"text": {
				"itemAttrs": {
					"itemId":"tv_bottom",
					"shape": {
						"figma": {
							"top": 1383,
							"left": 417,
							"width": 246,
							"height": 27
						}
					},
					"textAngle": 0
				},
				"textAttrs": {
					"text": "the free wind",
					"textSize": 36,
					"fontIndex":32,
					"textColor":13743503,
					"textShadowIndex":0
				}
			}	
		},
		{
			"text": {
				"itemAttrs": {
					"itemId":"tv_vibes",
					"shape": {
						"figma": {
							"top": 342,
							"left": 971,
							"width": 551,
							"height": 117,
							"rotation": -90
						}
					},
					"textAngle": 90
				},
				"textAttrs": {
					"text": "bohemian vibes",
					"textSize": 106,
					"fontIndex":24,
					"textColor":13743503,
					"letterSpacing":0.01,
					"textShadowIndex":0
				}
			}	
		},
		{
			"text": {
				"itemAttrs": {
					"itemId":"tv_traveler",
					"shape": {
						"figma": {
							"top": 350,
							"left": 1052,
							"width": 690,
							"height": 96,
							"rotation": -90
						}
					},
					"textAngle": 90
				},
				"textAttrs": {
					"text": "THE TRAVELER",
					"textSize": 102,
					"fontIndex":13,
					"textColor":11797567,
					"skewX":0,
					"isBold":true,
					"textShadowIndex":0
				}
			}	
		},
		{
			"text": {
				"itemAttrs": {
					"itemId":"tv_the",
					"shape": {
						"figma": {
							"top": 1216,
							"left": 366,
							"width": 329,
							"height": 210
						}
					},
					"textAngle": 0
				},
				"textAttrs": {
					"text": "the",
					"textSize": 224,
					"fontIndex":21,
					"textColor":0,
					"skewX":-0.34,
					"textShadowIndex":0
				}
			}	
		}
		
		
	]
	
}