{
	"background": {
		"backgroundImage": {
			"path": "background.png",
			"type": "file"
		},
		"blurValue": 0,
		"isBlur": false,
		"type": "blur",
		"canModifyValue": false
	},
	"frameWidth": 0.0,
	"width": 720.0,
	"height": 1280.0,
	"items": [
		{
			"sticker": {
				"itemAttrs": {
					"itemId":"movie",
					"shapes": {
						"figma": {
							"top": 345.67,
							"left": 69.68,
							"width": 565.48,
							"height": 755.76
						}
					},
					
					"canModify":false
				},
				"sticker": {
					"path": "movie.png",
					"type": "file"
				}
			}
		},
		{
			"sticker": {
				"itemAttrs": {
					"itemId":"photo1",
					"shapes": {
						"figma": {
							"top": 365.1,
							"left": 111.89,
							"width": 480,
							"height": 716
						}
					}
				},
				"sticker": {
					"path": "photo1.png",
					"type": "file"
				}
			}
		},
		
		{
			"sticker": {
				"itemAttrs": {
					"itemId":"wing",
					"shapes": {
						"figma": {

							"top": 753.71,
							"left": 0,
							"width": 368,
							"height": 528
						
						}
					},
					"canModify":false
				},
				"sticker": {
					"path": "wing.png",
					"type": "file"
				}
			}	
		},
		
		{
			"sticker": {
				"itemAttrs": {
					"itemId":"ring",
					"shapes": {
						"figma": {
							"top": 62.93,
							"left": 382.57,
							"width": 313.56,
							"height": 180.23
						}
					},	
					"canModify":false
				},
				"sticker": {
					"path": "ring.png",
					"type": "file"
				}
			}
		},
		{
			"text": {
				"itemAttrs": {
					"itemId":"taste",
					"shapes": {
						"figma": {
							"top": 121.89,
							"left": 81.74,
							"width": 483,
							"height": 166
						
						}
					},
					"textAngle": 0
					
				},
				"textAttrs": {
					"text": "It is the taste \nof summer...",
					"textSize": 52,
					"fontIndex":34,
					"textColor":-1,
					"textShadowIndex":0
				}
			}	
		},
		{
			"text": {
				"itemAttrs": {
					"itemId":"happy_every_day",
					"shapes": {
						"figma": {
						"top": 1146.32,
						"left": 356.68,
						"width": 316,
						"right": 73
						
						}
					},
					"textAngle": -0.19
				},
				"textAttrs": {
					"text": "Happy every day",
					"textSize": 45,
					"fontIndex":5,
					"textColor":-1,
					"textShadowIndex":9
				}
			}	
		}
		
	]
	
}