{
	"background": {
		"backgroundImage": {
			"path": "background.png",
			"type": "file"
		},
		"blurValue": 0,
		"isBlur": false,
		"type": "blur",
		"canModifyValue": false
	},
	"frameWidth": 0.0,
	"width": 720.0,
	"height": 1280.0,
	"items": [
		{
			"sticker": {
				"itemAttrs": {
					"itemId":"photo1",
					"shape": {
						"figma": {
							"top": 294,
							"left": 48,
							"width": 535,
							"height": 395
						}
					}
					
				},
				"sticker": {
					"path": "photo1.png",
					"type": "file"
				}
			}
		},
		{
			"sticker": {
				"itemAttrs": {
					"itemId":"photo2",
					"shape": {
						"figma": {
							"top": 874,
							"left": 48,
							"width": 447,
							"height": 320
						}
					}
				},
				"sticker": {
					"path": "photo2.png",
					"type": "file"
				}
			}
		},
		{
			"text": {
				"itemAttrs": {
					"itemId":"tv_taste",
					"shape": {
						"figma": {
							"top": 99.2,
							"left": 40.27,
							"width": 483,
							"height": 166
						}
					},
					"textAngle": -6.37	
				},
				"textAttrs": {
					"text": "It is the taste \nof summer...",
					"textSize": 67,
					"fontIndex":15,
					"textColor":16771258,
					"textShadowIndex":0
				}
			}	
		},
		{
			"text": {
				"itemAttrs": {
					"itemId":"keep_smiling",
					"shape": {
						"figma": {
							"top": 728,
							"left": 126,
							"width": 276,
							"height": 90
						}
					},
					"textAngle": 0
				},
				"textAttrs": {
					"text": "Keep smiling !",
					"textSize": 45,
					"fontIndex":5,
					"textColor":9657906,
					"textShadowIndex":0
				}
			}	
		}
		
	]
	
}