{
	"background": {
		"backgroundImage": {
			"path": "background.png",
			"type": "file"
		},
		"blurValue": 0,
		"isBlur": false,
		"type": "blur",
		"canModifyValue": false
	},
	"frameWidth": 0.0,
	"width": 720.0,
	"height": 1280.0,
	"items": [
		{
			"sticker": {
				"itemAttrs": {
					"itemId":"bg_photo1",
					"shape": {
						"figma": {
							"top": 100,
							"left": 163,
							"width": 507,
							"height": 476
						}
					},
					"canModify":false
				},
				"sticker": {
					"path": "bg_photo1.png"
				}
			}
		},
		{
			"sticker": {
				"itemAttrs": {
					"itemId":"bg_photo2",
					"shape": {
						"figma": {
							"top": 695,
							"left": 1,
							"width": 507,
							"height": 476
						}
					},
					"canModify":false
				},
				"sticker": {
					"path": "bg_photo2.png"
				}
			}
		},
		{
			"sticker": {
				"itemAttrs": {
					"itemId":"photo1",
					"shape": {
						"figma": {
							"top": 205.68,
							"left": 177,
							"width": 434,
							"height": 300,
							"rotation": 6.35
						}
					}
					
				},
				"sticker": {
					"path": "photo1.png"
				}
			}
		},
		{
			"sticker": {
				"itemAttrs": {
					"itemId":"photo2",
					"shape": {
						"figma": {
							"top": 800.68,
							"left": 15,
							"width": 434,
							"height": 300,
							"rotation": 6.35
						}
					}
				},
				"sticker": {
					"path": "photo2.png"
				}
			}
		},
		{
			"sticker": {
				"itemAttrs": {
					"itemId":"flower",
					"shape": {
						"figma": {
							"top": 71,
							"left": 0,
							"width": 240,
							"height": 240
						}
					},
					"canModify":false
				},
				"sticker": {
					"path": "flower.png"
				}
			}
		},
		{
			"sticker": {
				"itemAttrs": {
					"itemId":"fg_flower",
					"shape": {
						"figma": {
							"top": 753,
							"left": 383,
							"width": 337,
							"height": 528
						}
					},
					"canModify":false
				},
				"sticker": {
					"path": "fg_flower.png"
				}
			}
		},
		{
			"text": {
				"itemAttrs": {
					"itemId":"tv_taste",
					"shape": {
						"figma": {
							"top": 542,
							"left": 285.27,
							"width": 344,
							"height": 186
						}
					},
					"textAngle": -3.17	
				},
				"textAttrs": {
					"text": "It is the taste \nof summer...",
					"textSize": 64,
					"fontIndex":3,
					"textColor":9550739,
					"textShadowIndex":0
				}
			}	
		}
		
	]
	
}