{
	"background": {
		"backgroundImage": {
			"path": "background.png",
			"type": "file"
		},
		"blurValue": 0,
		"isBlur": false,
		"type": "blur",
		"canModifyValue": false
	},
	"frameWidth": 0.0,
	"width": 720.0,
	"height": 1280.0,
	"items": [
		{
			"sticker": {
				"itemAttrs": {
					"itemId":"bg_photo1",
					"shape" : {
						"figma": {
							"top": 34.59,
							"left": 21.39,
							"width": 601.91,
							"height": 601.91
						}
					},
					
					"canModify":false
				},
				"sticker": {
					"path": "bg_photo1.png",
					"type": "file"
				}
			}
		},
		{
			"sticker": {
				"itemAttrs": {
					"itemId":"bg_photo2",
					"shape" : {
						"figma": {
							"top": 533,
							"left": 105,
							"width": 655,
							"height": 655
						}
					},
					"canModify":false
				},
				"sticker": {
					"path": "bg_photo2.png",
					"type": "file"
				}
			}
		},
		{
			"sticker": {
				"itemAttrs": {
					"itemId":"photo1",
					"shape": {
						"figma" : {
							"top": 138.88,
							"left": 111.5,
							"width": 414,
							"height": 395,
							"rotation": 1.83
						}
					}
				},
				"sticker": {
					"path": "photo1.png",
					"type": "file"
				}
			}
		},
		{
			"sticker": {
				"itemAttrs": {
					"itemId":"photo2",
					
					"shape": {
						"figma" : {
							"top": 644.45,
							"left": 202.3,
							"width": 438.23,
							"height": 415.53,
							"rotation": 1.83
						}
					}
				},
				"sticker": {
					"path": "photo2.png",
					"type": "file"
				}
			}
		},
		
		{
			"sticker": {
				"itemAttrs": {
					"itemId":"ring",
					"shape": {
						"figma": {
							"top": 421.88,
							"left": 277.29,
							"width": 419.62,
							"height": 208.43
						}
					},
					"canModify":false
				},
				"sticker": {
					"path": "ring.png",
					"type": "file"
				}
			}
		},
		{
			"text": {
				"itemAttrs": {
					"itemId":"happy_adult",
				
					"shape": {
						"figma" : {
							"top": 212.07,
							"left": 185.79,
							"width": 446,
							"height": 95,
							"rotation": -8.75
						}
					},
					"textAngle": 8.75
					
				},
				"textAttrs": {
					"text": "Be a happy adult",
					"textSize": 52,
					"fontIndex":34,
					"textColor":-1,
					"textShadowIndex":0
				}
			}	
		},
		{
			"text": {
				"itemAttrs": {
					"itemId":"happy_every_day",
					"shape": {
						"figma" : {
							"top": 1187.72,
							"left": 59,
							"width": 627,
							"height": 70,
							"rotation": 4.24
						}
					},
					"textAngle": -4.24
				},
				"textAttrs": {
					"text": "Happy every day",
					"textSize": 45,
					"fontIndex":5,
					"textColor":-1,
					"textShadowIndex":9
				}
			}	
		}
		
	]
	
}