{
	"background": {
		"backgroundImage": {
			"path": "background.png",
			"type": "file"
		},
		"blurValue": 0,
		"isBlur": false,
		"type": "blur",
		"canModifyValue": false
	},
	"frameWidth": 0.0,
	"width": 720.0,
	"height": 1280.0,
	"items": [
		{
			"sticker": {
				"itemAttrs": {
					"itemId":"bg_photo1",
					"shape": {
						"figma": {
							"top": 260.73,
							"left": 76,
							"width": 430,
							"height": 528,
							"rotation": 29.31
						}
					}
					
				},
				"sticker": {
					"path": "bg_photo1.png"
				}
			}
		},
		{
			"sticker": {
				"itemAttrs": {
					"itemId":"bg_photo2",
					"shape": {
						"figma": {
							"top": 495.07,
							"left": 92.84,
							"width": 535.28,
							"height": 655.69,
							"rotation": -11.41
						}
					}
					
				},
				"sticker": {
					"path": "bg_photo2.png"
				}
			}
		},
		{
			"sticker": {
				"itemAttrs": {
					"itemId":"photo1",
					"shape": {
						"figma": {
							"top": 324.87,
							"left": 150.83,
							"width": 320,
							"height": 324,
							"rotation": 37.6
						}
					}
					
				},
				"sticker": {
					"path": "photo1.png"
				}
			}
		},
		
		{
			"sticker": {
				"itemAttrs": {
					"itemId":"photo2",
					"shape": {
						"figma": {
							"top": 611,
							"left": 118.85,
							"width": 398,
							"height": 404,
							"rotation": -4.04
						}
					}
				},
				"sticker": {
					"path": "photo2.png"
				}
			}
		},
		{
			"sticker": {
				"itemAttrs": {
					"itemId":"earphone",
					"shape": {
						"figma": {
							"top": 242,
							"left": 535,
							"width": 162,
							"height": 177
						}
					}
					
				},
				"sticker": {
					"path": "earphone.png"
				}
			}
		},
		{
			"sticker": {
				"itemAttrs": {
					"itemId":"disk",
					"shape": {
						"figma": {
							"top": 574.64,
							"left": 475.82,
							"width": 263,
							"height": 291,
							"rotation": -22.6
						}
					}
					
				},
				"sticker": {
					"path": "disk.png"
				}
			}
		},
		{
			"sticker": {
				"itemAttrs": {
					"itemId":"venus",
					"shape": {
						"figma": {
							"top": 995,
							"left": 23,
							"width": 176,
							"height": 243
						}
					}
					
				},
				"sticker": {
					"path": "venus.png"
				}
			}
		},
		{
			"sticker": {
				"itemAttrs": {
					"itemId":"tape",
					"shape": {
						"figma": {
							"top": 534,
							"left": 53,
							"width": 264,
							"height": 174
						}
					}
					
				},
				"sticker": {
					"path": "tape.png"
				}
			}
		},
		{
			"sticker": {
				"itemAttrs": {
					"itemId":"be_happy",
					"shape": {
						"figma": {
							"top": 959,
							"left": 419,
							"width": 271,
							"height": 279
						}
					}
					
				},
				"sticker": {
					"path": "be_happy.png"
				}
			}
		},
		{
			"text": {
				"itemAttrs": {
					"itemId":"tv_taste",
					"shape": {
						"figma": {
							"top": 41,
							"left": 42,
							"width": 354,
							"height": 178
						}
					},
					"textAngle": 0
				},
				"textAttrs": {
					"text": "Record every\nbeautiful moment",
					"textSize": 43,
					"fontIndex":34,
					"textColor":-1,
					"textShadowIndex":0
				}
			}	
		},
		
		{
			"text": {
				"itemAttrs": {
					"itemId":"tv_happy_adult",
					"shape": {
						"figma": {
							"top": 1199.51,
							"left": 300,
							"width": 415,
							"height": 89,
							"rotation": 25.17
						}
					},
					"textAngle": -25.17	
				},
				"textAttrs": {
					"text": "Be a happy adult",
					"textSize": 52,
					"fontIndex":34,
					"textColor":-1,
					"textShadowIndex":0
				}
			}	
		}
		
	]
	
}