{
	"background": {
		"backgroundImage": {
			"path": "background.png",
			"type": "file"
		},
		"blurValue": 0,
		"isBlur": false,
		"type": "blur",
		"canModifyValue": false
	},
	"frameWidth": 0.0,
	"width": 720.0,
	"height": 1280.0,
	"items": [
		{
			"sticker": {
				"itemAttrs": {
					"itemId":"photo1",
					"border": {
						"borderWidth" : 30.0,
						"borderColor" : -12303292,
						"borderRadius": 0.0
					},
					"shape": {
						"figma" : {
							"top": 214.8,
							"left": 53.79,
							"width": 580,
							"height": 378,
							"rotation": 4.58
						}
					}
				},
				"sticker": {
					"path": "photo1.png",
					"type": "file"
				}
			}
		},
		{
			"sticker": {
				"itemAttrs": {
					"itemId":"photo2",
					"border": {
						"borderWidth" : 30.0,
						"borderColor" : -12303292,
						"borderRadius": 0.0
					},
					"shape": {
						"figma": {
							"top": 669.47,
							"left": 143.08,
							"width": 502,
							"height": 392
						}
					}
					
				},
				"sticker": {
					"path": "photo2.png",
					"type": "file"
				}
			}
		},
		{
			"sticker": {
				"itemAttrs": {
					"itemId":"phonograph",
					"shape": {
						"figma": {
							"top": 37.30,
							"left": 455.69,
							"width": 338.06,
							"height": 338.06
						}
					},
					"canModify":false
				},
				"sticker": {
					"path": "phonograph.png",
					"type": "file"
				}
			}	
		},
		{
			"sticker": {
				"itemAttrs": {
					"itemId":"ticket",
					"shape": {
						"figma" : {
							"top": 194.15,
							"left": 31.98,
							"width": 151.85,
							"height": 153.36,
							"rotation": 46.51
						}
					},
					"canModify":false
				},
				"sticker": {
					"path": "ticket.png",
					"type": "file"
				}
			}
		},
		{
			"sticker": {
				"itemAttrs": {
					"itemId":"slate",
					"shape": {
						"figma": {
							"top": 464.99,
							"left": -13,
							"width": 360.56,
							"height": 360.56
						}
					},
					"canModify":false
				},
				"sticker": {
					"path": "slate.png",
					"type": "file"
				}
			}
		},
		{
			"sticker": {
				"itemAttrs": {
					"itemId":"text",
					"shape": {
						"figma" : {
							"top": 1024.56,
							"left": 63,
							"width": 524,
							"height": 254.56,
							"rotation": 1.8
						}
					},
					"canModify":false
				},
				"sticker": {
					"path": "text.png",
					"type": "file"
				}
			}
		}
		
	]
	
}