{
	"background": {
		"backgroundImage": {
			"path": "background.png",
			"type": "file"
		},
		"blurValue": 0,
		"isBlur": false,
		"type": "blur",
		"canModifyValue": false
	},
	"frameWidth": 0.0,
	"width": 720.0,
	"height": 1280.0,
	"items": [
		{
			"sticker": {
				"itemAttrs": {
					"itemId":"flowers",
					"shape": {
						"figma": {
							"top": 273,
							"left": 0,
							"width": 718,
							"height": 1006.82
						}
					},
					
					"canModify":false
				},
				"sticker": {
					"path": "flowers.png",
					"type": "file"
				}
			}
		},
		{
			"sticker": {
				"itemAttrs": {
					"itemId":"bg_photo1",
					"shape": {
						"figma": {
							"top": 21.55,
							"left": 35.15,
							"width": 586,
							"height": 694
							
						}
					},
					"canModify":false
				},
				"sticker": {
					"path": "bg_photo1.png",
					"type": "file"
				}
			}	
		},
		{
			"sticker": {
				"itemAttrs": {
					"itemId":"bg_photo2",
					"shape": {
						"figma": {
							"top": 477,
							"left": 134,
							"width": 586,
							"height": 694
						}
					},
					"canModify":false
				},
				"sticker": {
					"path": "bg_photo2.png",
					"type": "file"
				}
			}	
		},
		{
			"sticker": {
				"itemAttrs": {
					"itemId":"photo1",
					"shape": {
						"figma" : {
							"top": 134.41,
							"left": 134.21,
							"width": 385.99,
							"height": 402.05,
							"rotation": -7.05
						}
					}
				},
				"sticker": {
					"path": "photo1.png",
					"type": "file"
				}
			}
		},
		{
			"sticker": {
				"itemAttrs": {
					"itemId":"photo2",
					"shape": {
						"figma" : {
							"top": 590.66,
							"left": 233.68,
							"width": 385.99,
							"height": 402.05,
							"rotation": -7.28
						}
					}
				},
				"sticker": {
					"path": "photo2.png",
					"type": "file"
				}
			}
		},
		{
			"sticker": {
				"itemAttrs": {
					"itemId":"sun",
					"shape": {
						"figma": {
							"top": 3.30,
							"left": 517.09,
							"width": 198.05,
							"height": 198.73	
						}
					},
					"canModify":false
				},
				"sticker": {
					"path": "sun.png",
					"type": "file"
				}
			}	
		},
		{
			"sticker": {
				"itemAttrs": {
					"itemId":"flower1",
					"shape": {
						"figma": {
							"top": 317,
							"left": 510,
							"width": 195.35,
							"height": 195.35
						}
					},
					"canModify":false
				},
				"sticker": {
					"path": "flower1.png",
					"type": "file"
				}
			}
		},
		{
			"sticker": {
				"itemAttrs": {
					"itemId":"flower2",
					"shape": {
						"figma": {
							"top": 681.94,
							"left": 15.18,
							"width": 118.29,
							"height": 118.29
						}
					},
					"canModify":false
				},
				"sticker": {
					"path": "flower2.png",
					"type": "file"
				}
			}
		},
		{
			"text": {
				"itemAttrs": {
					"itemId":"happy_new_year",
					"shape": {
						"figma": {
							"top": 22,
							"left": 74.25,
							"width": 323,
							"height": 74
						}
					},
					"textAngle": -0.19
					
				},
				"textAttrs": {
					"text": "Happy every day",
					"textSize": 45,
					"fontIndex":26
				}
			}	
		},
		{
			"text": {
				"itemAttrs": {
					"itemId":"keep_similing",
					"shape": {
						"figma" : {
							"top": 1005.37,
							"left": 170.68,
							"width": 430,
							"height": 60,
							"rotation": -6.89
						}
					},
					"textAngle": 6.89
					
				},
				"textAttrs": {
					"text": "Keep smiling",
					"textSize": 45,
					"fontIndex":9,
					"textColor": 9814579
				}
			}	
		}
		
	]
	
}