{
	"background": {
		"color":-1,
		"type": "color",
		"canModifyValue": false
	},
	"frameWidth": 0.0,
	"width": 1080.0,
	"height": 1480.0,
	"items": [
		{
			"sticker": {
				"itemAttrs": {
					"itemId":"photo1",
					"shape": {
						"figma": {
							"top": 360,
							"left": 0,
							"width": 1080,
							"height": 1120
						}
					}
					
				},
				"sticker": {
					"path": "photo1.png"
				}
			}
		},
		{
			"text": {
				"itemAttrs": {
					"itemId":"tv_title",
					"shape": {
						"figma": {
							"top": 246,
							"left": 137,
							"width": 806,
							"height": 64
						}
					},
					"canModify":true,
					"textAngle": 0
				},
				"textAttrs": {
					"text": "THE WORLD ALIVE",
					"isAutoFill":false,
					"textSize":60,
					"fontIndex":41,
					"textColor":0,
					"letterSpacing":0.28,
					"textShadowIndex":0
				}
			}	
		},

		{
			"text": {
				"itemAttrs": {
					"itemId":"tv_rise",
					"shape": {
						"figma": {
							"top": 20,
							"left": 629,
							"width": 436,
							"height": 136
						}
					},
					"canModify":true,
					"textAngle": 0
				},
				"textAttrs": {
					"text": "Rise",
					"isAutoFill":false,
					"fontIndex":44,
					"textSize":165,
					"textColor":0,
					"isBold":true,
					"skewX":-0.3,
					"textShadowIndex":0
				}
			}	
		},

		{
			"text": {
				"itemAttrs": {
					"itemId":"tv_chase",
					"shape": {
						"figma": {
							"top": 86,
							"left": 364,
							"width": 210,
							"height": 44
						}
					},
					"canModify":true,
					"textAngle": 0
				},
				"textAttrs": {
					"text": "Higher and higher you chase it!",
					"isAutoFill":true,
					"fontIndex":46,
					"textColor":0,
					"alignment":1,
					"isBold":true,
					"letterSpacing":0.13,
					"textShadowIndex":0
				}
			}	
		},

		{
			"text": {
				"itemAttrs": {
					"itemId":"tv_remember",
					"shape": {
						"figma": {
							"top": 61,
							"left": 97,
							"width": 168,
							"height": 44
						}
					},
					"canModify":true,
					"textAngle": 0
				},
				"textAttrs": {
					"text": "Make 'em remember you",
					"isAutoFill":true,
					"isBold":true,
					"fontIndex":32,
					"textColor":0,
					"alignment":1,
					"textShadowIndex":0
				}
			}	
		},
		{
			"text": {
				"itemAttrs": {
					"itemId":"tv_rise_rise",
					"shape": {
						"figma": {
							"top": 119,
							"left": 112,
							"width": 139,
							"height": 16
						}
					},
					"textAngle": 0
				},
				"textAttrs": {
					"text": "RISE RISE......",
					"isAutoFill":true,
					"textSize": 229,
					"fontIndex":32,
					"isBold": true,
					"textColor":0,
					"textShadowIndex":0
				}
			}	
		},
		{
			"text": {
				"itemAttrs": {
					"itemId":"tv_welcome",
					"shape": {
						"figma": {
							"top": 415,
							"left": 34,
							"width": 748,
							"height": 12,
							"rotation":-90
						}
					},
					"textAngle": 90
				},
				"textAttrs": {
					"text": "Welcome to the wild no heroes and villains welcome to the war we've only begun soPick up your weapon and face it there's blood on the crown go and take it",
					"isAutoFill":true,
					"textSize": 229,
					"fontIndex":32,
					"textColor":-1,
					"textShadowIndex":0
				}
			}	
		},
		{
			"sticker": {
				"itemAttrs": {
					"itemId":"blocks",
					"shape": {
						"figma": {
							"top": 171,
							"left": 695,
							"width": 314,
							"height": 20
						}
					},
					"canModify":false
				},
				"sticker": {
					"path": "blocks.png"
				}
			}	
		},
		{
			"text": {
				"itemAttrs": {
					"itemId":"tv_glitch",
					"shape": {
						"figma": {
							"top": 581,
							"left": 795,
							"width": 218,
							"height": 50
						}
					},
					"textAngle": 0
				},
				"textAttrs": {
					"text": "The Glitch Mob /Mako",
					"isAutoFill":true,
					"textSize": 22,
					"fontIndex":45,
					"textColor":-1,
					"letterSpacing":0.21,
					"skewX":-0.12,
					"textShadowIndex":0
				}
			}	
		},
		{
			"text": {
				"itemAttrs": {
					"itemId":"tv_life",
					"shape": {
						"figma": {
							"top": 646,
							"left": 795,
							"width": 210,
							"height": 95
						}
					},
					"textAngle": 0
				},
				"textAttrs": {
					"text": "this life is the crossing of asea, where we meet in the same narrow ship. in death we reach the shore and go to our different worlds",
					"isAutoFill":true,
					"textSize": 229,
					"fontIndex":32,
					"textColor":-1,
					"textShadowIndex":0
				}
			}	
		}
		
	]
	
}