{
	"background": {
		"color":-1,
		"type": "color",
		"canModifyValue": false
	},
	"frameWidth": 0.0,
	"width": 1080.0,
	"height": 1480.0,
	"items": [
		{
			"text": {
				"itemAttrs": {
					"itemId":"tv_block",
					"shape": {
						"figma": {
							"top": 63,
							"left": 78,
							"width": 935,
							"height": 1000
						}
					},
					"canModify":false,
					"textAngle": 0
				},
				"textAttrs": {
					"text": "LOOK LOOK LOOK LOOK LOOK LOOK LOOK LOOK LOOK LOOK LOOK LOOK LOOK LOOK LOOK LOOK LOOK LOOK LOOK LOOK LOOK LOOK LOOK LOOK LOOK LOOK LOOK LOOK LOOK LOOK LOOK LOOK LOOK LOOK LOOK LOOK LOOK LOOK LOOK LOOK",
					"isAutoFill":true,
					"textSize": 250,
					"fontIndex":37,
					"textColor":0,
					"paddingWidth":20,
					"textShadowIndex":0
				}
			}	
		},
		{
			"sticker": {
				"itemAttrs": {
					"itemId":"text",
					"shape": {
						"figma": {
							"top": 1063,
							"left": 94.36,
							"width": 471.87,
							"height": 134.71,
							"rotation":-30
						}
					},
					"canModify":false
				},
				"sticker": {
					"path": "text.png"
				}
			}
		},
		{
			"sticker": {
				"itemAttrs": {
					"itemId":"photo1",
					"shape": {
						"figma": {
							"top": 170,
							"left": 170,
							"width": 740,
							"height": 1140
						}
					}
					
				},
				"sticker": {
					"path": "photo1.png"
				}
			}
		},
		{
			"text": {
				"itemAttrs": {
					"itemId":"tv_block",
					"shape": {
						"figma": {
							"top": 746,
							"left": 1022,
							"width": 58,
							"height": 270
						}
					},
					"canModify":false,
					"textAngle": 0
				},
				"textAttrs": {
					"text": "",
					"textSize": 229,
					"fontIndex":11,
					"isShowBackground":true,
					"backgroundColor":285852,
					"textShadowIndex":0
				}
			}	
		},
		
		{
			"text": {
				"itemAttrs": {
					"itemId":"tv_block_text",
					"shape": {
						"figma": {
							"top": 758,
							"left": 1065,
							"width": 246,
							"height": 27,
							"rotation": -90
						}
					},
					"textAngle": 90
				},
				"textAttrs": {
					"text": "THE FREE WIND",
					"textSize": 30,
					"fontIndex":32,
					"textColor":0,
					"textShadowIndex":0
				}
			}	
		},
		{
			"text": {
				"itemAttrs": {
					"itemId":"tv_left",
					"shape": {
						"figma": {
							"top": 439,
							"left": 46,
							"width": 356,
							"height": 27,
							"rotation": 90
						}
					},
					"textAngle": -90
				},
				"textAttrs": {
					"text": "FIND YOUR TRUE SELF",
					"textSize": 30,
					"fontIndex":32,
					"textColor":0,
					"textShadowIndex":0
				}
			}	
		},
		{
			"text": {
				"itemAttrs": {
					"itemId":"tv_oneself",
					"shape": {
						"figma": {
							"top": 1368,
							"left": 328,
							"width": 425,
							"height": 27
						}
					},
					"textAngle": 0
				},
				"textAttrs": {
					"text": "RECONCILE WITH ONESELF",
					"textSize": 30,
					"fontIndex":32,
					"textColor":0,
					"textShadowIndex":0
				}
			}	
		},
		{
			"text": {
				"itemAttrs": {
					"itemId":"tv_get_look",
					"shape": {
						"figma": {
							"top": 1150,
							"left": 867,
							"width": 654,
							"height": 100,
							"rotation":-180
						}
					},
					"textAngle": 180
				},
				"textAttrs": {
					"text": "GET THE LOOK",
					"textSize": 76,
					"fontIndex":13,
					"textColor":0,
					"letterSpacing":0.27,
					"textShadowIndex":0
				}
			}	
		},
		{
			"text": {
				"itemAttrs": {
					"itemId":"tv_get_look1",
					"shape": {
						"figma": {
							"top": 230,
							"left": 213,
							"width": 654,
							"height": 100
						}
					},
					"textAngle": 0
				},
				"textAttrs": {
					"text": "GET THE LOOK",
					"textSize": 76,
					"fontIndex":13,
					"textColor":285852,
					"letterSpacing":0.27,

					"isBold":false,
					"textShadowIndex":0
				}
			}	
		}
		
		
	]
	
}