{
	"background": {
		"color":-1,
		"type": "color",
		"canModifyValue": false
	},
	"frameWidth": 0.0,
	"width": 1080.0,
	"height": 1480.0,
	"items": [
		{
			"text": {
				"itemAttrs": {
					"itemId":"tv_block",
					"shape": {
						"figma": {
							"top": 473,
							"left": 0,
							"width": 1080,
							"height": 534
						}
					},
					"canModify":false,
					"textAngle": 0
				},
				"textAttrs": {
					"text": "",
					"textSize": 250,
					"fontIndex":37,
					"isShowBackground":true,
					"backgroundColor":15256260,
					"textShadowIndex":0
				}
			}	
		},
		
		{
			"sticker": {
				"itemAttrs": {
					"itemId":"photo1",
					"shape": {
						"figma": {
							"top": 120,
							"left": 120,
							"width": 840,
							"height": 1240
						}
					}
					
				},
				"sticker": {
					"path": "photo1.png"
				}
			}
		},
		{
			"text": {
				"itemAttrs": {
					"itemId":"tv_day",
					"shape": {
						"figma": {
							"top": -29,
							"left": 17,
							"width": 407,
							"height": 165
						}
					},
					"textAngle": 0
				},
				"textAttrs": {
					"text": "Day",
					"textSize": 229,
					"fontIndex":11,
					"textColor":15256260,
					"textShadowIndex":0
				}
			}	
		},
		
		{
			"text": {
				"itemAttrs": {
					"itemId":"tv_left",
					"shape": {
						"figma": {
							"top": 903,
							"left": 46,
							"width": 356,
							"height": 27,
							"rotation": 90
						}
					},
					"textAngle": -90
				},
				"textAttrs": {
					"text": "FIND YOUR TRUE SELF",
					"textSize": 30,
					"fontIndex":32,
					"textColor":-1,
					"textShadowIndex":0
				}
			}	
		},
		{
			"text": {
				"itemAttrs": {
					"itemId":"tv_right",
					"shape": {
						"figma": {
							"top": 542,
							"left": 1033,
							"width": 396,
							"height": 27,
							"rotation": -90
						}
					},
					"textAngle": 90
				},
				"textAttrs": {
					"text": "MEDITERRANEAN BREEZE",
					"textSize": 30,
					"fontIndex":32,
					"textColor":-1,
					"textShadowIndex":0
				}
			}	
		},
		{
			"text": {
				"itemAttrs": {
					"itemId":"tv_bottom",
					"shape": {
						"figma": {
							"top": 1383,
							"left": 417,
							"width": 246,
							"height": 27
						}
					},
					"textAngle": 0
				},
				"textAttrs": {
					"text": "THE FREE WIND",
					"textSize": 30,
					"fontIndex":32,
					"textColor":15256260,
					"textShadowIndex":0
				}
			}	
		},
		{
			"text": {
				"itemAttrs": {
					"itemId":"tv_oneself",
					"shape": {
						"figma": {
							"top": 1305,
							"left": 328,
							"width": 425,
							"height": 27
						}
					},
					"textAngle": 0
				},
				"textAttrs": {
					"text": "RECONCILE WITH ONESELF",
					"textSize": 30,
					"fontIndex":32,
					"textColor":15256260,
					"textShadowIndex":0
				}
			}	
		},
		{
			"text": {
				"itemAttrs": {
					"itemId":"tv_winter",
					"shape": {
						"figma": {
							"top": 1025,
							"left": 124,
							"width": 850,
							"height": 240
						}
					},
					"textAngle": 0
				},
				"textAttrs": {
					"text": "winter",
					"textSize": 265,
					"fontIndex":22,
					"textColor":-1,
					"letterSpacing":0.27,
					"textShadowIndex":0
				}
			}	
		},
		{
			"text": {
				"itemAttrs": {
					"itemId":"tv_wisdom",
					"shape": {
						"figma": {
							"top": 185,
							"left": 221,
							"width": 639,
							"height": 640
						}
					},
					"textAngle": 0
				},
				"textAttrs": {
					"text": "WEDNESDAY WISDOM",
					"isAutoFill":true,
					"textSize": 102,
					"fontIndex":2,
					"textColor":15256260,
					"letterSpacing":0.35,
					"isBold":false,
					"textShadowIndex":0
				}
			}	
		}
		
		
	]
	
}