{
	"background": {
		"backgroundImage": {
			"path": "background.png",
			"type": "file"
		},
		"blurValue": 0,
		"isBlur": false,
		"type": "blur",
		"canModifyValue": false
	},
	"frameWidth": 0.0,
	"width": 720.0,
	"height": 1280.0,
	"items": [
		
		{
			"sticker": {
				"itemAttrs": {
					"itemId":"bg_photo2",
					"shape": {
						"figma": {
							"top": 572,
							"left": 1,
							"width": 627,
							"height": 660.63
						}
					},
					"canModify":false
				},
				"sticker": {
					"path": "bg_photo2.png"
				}
			}
		},
		{
			"sticker": {
				"itemAttrs": {
					"itemId":"photo2",
					"shape": {
						"figma": {
							"top": 793.32,
							"left": 31.94,
							"width": 398,
							"height": 404,
							"rotation": 27.66
						}
					}
				},
				"sticker": {
					"path": "photo2.png"
				}
			}
		},
		{
			"sticker": {
				"itemAttrs": {
					"itemId":"bg_photo1",
					"shape": {
						"figma": {
							"top": 181,
							"left": 142,
							"width": 579.14,
							"height": 606.02
						}
					},
					"canModify":false
					
				},
				"sticker": {
					"path": "bg_photo1.png"
				}
			}
		},
		{
			"sticker": {
				"itemAttrs": {
					"itemId":"photo1",
					"shape": {
						"figma": {
							"top": 265.62,
							"left": 379.3,
							"width": 288,
							"height": 290,
							"rotation": -25.19
						}
					}
					
				},
				"sticker": {
					"path": "photo1.png"
				}
			}
		},
		
		{
			"text": {
				"itemAttrs": {
					"itemId":"tv_taste",
					"shape": {
						"figma": {
							"top": 74,
							"left": 42,
							"width": 586,
							"height": 235
						}
					},
					"textAngle": 0
				},
				"textAttrs": {
					"text": "May all good\nthings come as\npromised！",
					"textSize": 81,
					"fontIndex":31,
					"textColor":-1,
					"textShadowIndex":0
				}
			}	
		},
		
		{
			"text": {
				"itemAttrs": {
					"itemId":"tv_happy_adult",
					"shape": {
						"figma": {
							"top": 1199.51,
							"left": 300,
							"width": 415,
							"height": 89,
							"rotation": 25.17
						}
					},
					"textAngle": -25.17	
				},
				"textAttrs": {
					"text": "Be a happy adult",
					"textSize": 52,
					"fontIndex":34,
					"textColor":-1,
					"textShadowIndex":0
				}
			}	
		}
		
	]
	
}