{
	"background": {
		"backgroundImage": {
			"path": "background.png",
			"type": "file"
		},
		"blurValue": 0,
		"isBlur": false,
		"type": "blur",
		"canModifyValue": false
	},
	"frameWidth": 0.0,
	"width": 720.0,
	"height": 1280.0,
	"items": [
		{
			"sticker": {
				"itemAttrs": {
					"itemId":"bg_photo",
					"shape": {
						"figma": {
							"top": 329.37,
							"left": 74.93,
							"width": 587.47,
							"height": 893.65
						}
					},
					
					"canModify":false
				},
				"sticker": {
					"path": "bg_photo.png",
					"type": "file"
				}
			}
		},
		{
			"sticker": {
				"itemAttrs": {
					"itemId":"grids",
					"shape": {
						"figma": {
							"top": 376.47,
							"left": 95.12,
							"width": 28.94,
							"height": 804.83
						}
					},
					
					"canModify":false
				},
				"sticker": {
					"path": "grids.png",
					"type": "file"
				}
			}
		},
		{
			"sticker": {
				"itemAttrs": {
					"itemId":"photo1",
					"shape": {
						"figma": {
							"top": 427.62,
							"left": 149.63,
							"width": 484,
							"height": 740
						}	
					}
					
				},
				"sticker": {
					"path": "photo1.png",
					"type": "file"
				}
			}
		},
		{
			"sticker": {
				"itemAttrs": {
					"itemId":"butterfly",
					"shape": {
						"figma": {
							"top": 144.98,
							"left": 511.66,
							"width": 150.74,
							"height": 158.81
						}
					},
					"canModify":false
				},
				"sticker": {
					"path": "butterfly.png",
					"type": "file"
				}
			}
		},
		{
			"sticker": {
				"itemAttrs": {
					"itemId":"sun",
					"shape": {
						"figma": {
							"top": 1003.65,
							"left": 486.09,
							"width": 125.17,
							"height": 131.89
						}
					},
					"canModify":false
				},
				"sticker": {
					"path": "sun.png",
					"type": "file"
				}
			}
		},
		{
			"text": {
				"itemAttrs": {
					"itemId":"tv_taste",
					"shape": {
						"figma": {
							"top": 81.06,
							"left": 80.31,
							"width": 483,
							"height": 166
						}
					}					
				},
				"textAttrs": {
					"text": "It is the taste \nof summer...",
					"textSize": 70,
					"fontIndex":34,
					"textColor":-1,
					"textShadowIndex":0
				}
			}	
		},
		{
			"text": {
				"itemAttrs": {
					"itemId":"happy_every_day",
					"shape": {
						"figma": {
							"top": 354.94,
							"left": 164.43,
							"width": 478,
							"height": 70
							
						}
					},
					"textAngle": 0
				},
				"textAttrs": {
					"text": "Happy every day",
					"textSize": 45,
					"fontIndex":9,
					"textColor":-1,
					"textShadowIndex":1
				}
			}	
		}
		
	]
	
}